,user_id,tool_id,Overall Score,aspect_id_0,aspect_id_1,aspect_id_2,aspect_id_3,aspect_id_4,aspect_id_5,aspect_id_6
0,0.0,0.0,1.0,4.0,1.0,1.0,3.0,2.8205001954454145,1.0,2.9999999999999996
1,0.0,1.0,3.0,2.0,4.0,1.925151505746998,3.0,2.0,1.0,3.0
2,0.0,2.0,1.0,2.8593976814839235,3.0,2.0,2.0,2.0,3.0,3.0
3,0.0,3.0,3.0,3.0,2.0,2.0,1.0,2.0,4.0,3.0
4,0.0,4.0,3.0,4.0,2.0,1.0,2.0,4.0,1.0,2.9999999999999996
5,0.0,5.0,2.715503149777283,2.0,1.0,3.0,2.0,2.0,3.0,3.0
6,0.0,6.0,3.0,2.0,1.0,2.0,3.0,2.0,3.0,3.0
7,0.0,7.0,2.0,2.0,3.0,3.0,2.0,3.0,2.0,2.9999999999999996
8,0.0,8.0,2.3855245139511068,2.8966137094456847,2.024942938903176,1.8646126165181713,2.770942049777916,2.4695346747307125,2.2647980791837985,3.0
9,0.0,9.0,2.809978995203494,3.226829028873837,3.2309685908786157,3.0861783569505548,3.0988679721118064,2.1184114361208475,1.6570242393123655,3.0
10,1.0,0.0,2.6499709543418364,3.7119788076107803,1.7884253911828853,1.6072050153840372,4.016544801617657,3.1303683828383013,2.3187320290827156,2.9999999999999996
11,1.0,1.0,1.0,2.0,5.0,3.0,3.6611582482960054,2.0,2.0,3.0
12,1.0,2.0,2.0,2.0,1.0,2.190224266949089,3.0,3.0437332936343346,5.0,3.0
13,1.0,3.0,2.938936390625138,2.847627498929791,2.4590062560546375,2.196491693606987,2.44697029731858,3.6205169049003922,3.197417968948918,3.0
14,1.0,4.0,4.0,4.0,1.7686240336293086,1.0,4.0,2.0,3.0,3.0
15,1.0,5.0,2.0,1.0,2.0,3.0,4.0,5.0,3.0,2.9999999999999996
16,1.0,6.0,2.0,3.0,2.0,2.0,3.795952604628858,3.4576524929341277,3.0,3.0
17,1.0,7.0,3.0,3.0,1.0,3.0,3.561818660824179,4.0,4.0,3.0
18,1.0,8.0,3.0,5.0,2.0,1.0,4.0,3.0,1.0,3.0
19,1.0,9.0,2.0,3.0,3.0,3.1984984189129517,3.0,3.0,1.0,2.9999999999999996
20,2.0,0.0,3.7635915616557027,5.0,2.0,2.0,5.0,5.0,3.0,3.0
21,2.0,1.0,4.0,3.931527138686617,5.0,2.605075243092341,5.0,4.0,3.1537374451539915,3.0
22,2.0,2.0,5.0,5.0,5.0,3.0,4.0,3.678488983070725,5.0,3.0
23,2.0,3.0,4.109939257458693,5.0,3.0,3.0,3.0,4.254806704999391,5.0,3.0
24,2.0,4.0,3.993529631114237,4.497270299474903,2.456082570568039,2.483433215312611,4.370101558426031,4.106258724591726,3.1652958826518605,3.0000000000000004
25,2.0,5.0,5.0,3.8783929594925217,5.0,4.0,5.0,5.0,4.0,3.0
26,2.0,6.0,4.065277045345158,4.17609166126513,2.8839814204459477,3.910726876891294,4.246612185866272,4.0687073624113,3.2388737279616393,3.0
27,2.0,7.0,4.195308696514945,3.0,5.0,5.0,4.0,5.0,4.0,3.0
28,2.0,8.0,5.0,4.0,2.0,2.0,5.0,5.0,4.0,3.0000000000000004
29,2.0,9.0,5.0,5.0,5.0,5.0,4.157427015871239,2.0,2.0,3.0
30,3.0,0.0,4.0,5.0,2.3149116402982304,1.0,5.0,4.0,2.37742168535721,3.0
31,3.0,1.0,4.0,4.0,5.0,2.0,3.0,3.0,3.0,3.0
32,3.0,2.0,3.275798289003256,3.533099879635383,2.965803786378973,2.4551108669795436,3.2695958068656945,3.2370011768489224,3.6712993794719617,3.0
33,3.0,3.0,4.0,4.0,4.0,2.0,2.0,3.8196180871488172,5.0,3.0
34,3.0,4.0,3.47131472289605,4.0,2.0,2.0,5.0,5.0,1.0,3.0
35,3.0,5.0,4.0,3.706538089203053,5.0,4.0,5.0,5.0,2.0,3.0
36,3.0,6.0,3.0,5.0,2.7215881622399865,5.0,4.035723513586076,4.0,3.0,3.0
37,3.0,7.0,3.6248250500840844,2.8657697950086876,3.699027813979996,3.5617988879155993,3.805582883111046,3.6279465095359944,2.8963321788605496,3.0
38,3.0,8.0,3.0,3.0,1.0,2.0,3.6561583589441646,2.0,3.0,3.0
39,3.0,9.0,3.0,4.0,5.0,4.0,3.912682366319795,1.0,1.939961303420174,3.0
40,4.0,0.0,2.0,5.0,2.0,2.0,4.0,4.0,2.0,3.0
41,4.0,1.0,3.1772231327821263,3.459920700606606,3.9159949540606034,2.127197651906401,3.569686257775959,2.890119217839981,2.659916451760834,3.0
42,4.0,2.0,3.0,2.0,4.0,2.0,2.0,4.0,4.0,3.0000000000000004
43,4.0,3.0,4.0,2.0,2.799288565510399,2.0,1.0,4.0,4.0,3.0
44,4.0,4.0,4.0,4.0,1.0,1.0,3.0,2.0,2.0,3.000000000000001
45,4.0,5.0,3.197061686799967,3.431552231384642,2.870955362169836,2.7670352483224736,3.735502438855027,3.8942674810064943,2.672391945744213,3.0
46,4.0,6.0,3.0,3.70825904818164,2.0,5.0,3.0,3.5980859822449296,2.0,3.0000000000000004
47,4.0,7.0,5.0,2.0,5.0,4.0,5.0,5.0,4.0,3.0000000000000004
48,4.0,8.0,2.0,5.0,2.0,1.0,4.0,4.0,2.0,3.000000000000001
49,4.0,9.0,3.0,5.0,5.0,3.379985000592562,4.0,1.0,1.935971266682131,3.0
50,5.0,0.0,3.4722366218765854,4.136054979154537,2.640653689572038,2.4311333678933416,4.507851335327711,3.7500730948321994,2.6382270906879572,2.9999999999999996
51,5.0,1.0,5.0,5.0,5.0,4.0,5.0,2.0,2.9341801642073673,3.0
52,5.0,2.0,3.0,2.0,5.0,3.0,5.0,5.0,3.94226013996128,3.0
53,5.0,3.0,5.0,4.0,3.4124986100694317,4.0,4.0,5.0,5.0,3.0
54,5.0,4.0,5.0,5.0,3.0,4.0,5.0,5.0,3.0,3.0
55,5.0,5.0,4.0,3.0,3.0,4.0,5.0,5.0,2.952388354060918,2.9999999999999996
56,5.0,6.0,3.7594802038136406,3.8105195380442165,2.9986145412120244,4.1857697569152625,4.308369134488121,4.066964289096722,3.0476159915622043,3.0
57,5.0,7.0,4.0,1.0,3.9749674908552644,5.0,5.0,5.0,5.0,3.0
58,5.0,8.0,3.0,4.0,5.0,2.8041335774130975,3.0,5.0,3.0,3.0
59,5.0,9.0,4.0,5.0,5.0,5.0,5.0,3.0,1.0,2.9999999999999996
60,6.0,0.0,2.0,4.0,1.0,1.0,4.0,3.0,1.0,2.9999999999999996
61,6.0,1.0,2.7846711160803523,3.0783837830664877,3.4087969550553145,1.9209882559023441,3.3833858445548355,2.6422908532140665,2.1242689798287233,3.0
62,6.0,2.0,2.6693148315056368,2.9136917770998605,2.163866873466038,2.0838645110912912,2.795061816787877,2.9139971749908735,3.092032753923615,3.0
63,6.0,3.0,3.0,2.0,3.0,1.0,1.0,4.0,2.720467570755667,3.0
64,6.0,4.0,3.0,3.0,1.0,2.0,3.6834661217522155,4.0,2.0,3.0
65,6.0,5.0,2.0,3.0,1.0,2.0,3.0,3.551083507057236,2.0,2.9999999999999996
66,6.0,6.0,2.0,3.0,2.0,3.0,4.0,2.0,2.0,3.0
67,6.0,7.0,3.0,2.0,2.0,4.0,3.0,3.0,2.0,3.0
68,6.0,8.0,2.0,2.951748031675698,1.0,1.0,3.0,2.0,2.0,3.0
69,6.0,9.0,2.8561606450449393,3.0,4.0,2.0,3.0,2.0,1.0,2.9999999999999996
70,7.0,0.0,3.6401989755605904,4.448398060277979,1.0,2.0,5.0,4.0,2.0,3.0
71,7.0,1.0,5.0,4.0,5.0,3.0,5.0,3.0,4.0,3.0
72,7.0,2.0,4.0,5.0,2.952852601224353,3.0,3.0,4.0,5.0,3.0
73,7.0,3.0,3.9962880349541727,3.6578670453152347,3.072419449629302,2.74047395843868,2.8975440176024803,3.956271916767564,3.60901471243187,3.0
74,7.0,4.0,5.0,5.0,2.0,2.0,5.0,5.0,2.9331704927740647,3.0000000000000004
75,7.0,5.0,3.812881678641106,3.8465224801316262,3.161308282573641,3.166083804589795,4.359238750880161,4.041579500841361,2.893415075043566,3.0
76,7.0,6.0,5.0,5.0,3.0,5.0,5.0,5.0,4.0,3.0
77,7.0,7.0,5.0,3.0,5.0,5.0,5.0,4.0,3.0,3.0
78,7.0,8.0,4.0,4.0,2.6485513601921506,2.0,4.0,3.0,3.0,3.0000000000000004
79,7.0,9.0,4.0,5.0,5.0,4.0,5.0,1.0,2.0,3.0
80,8.0,0.0,5.0,5.0,3.0,2.5661521857772733,5.0,5.0,2.8709436528205012,2.9999999999999996
81,8.0,1.0,5.0,5.0,5.0,5.0,5.0,3.0,4.0,3.0
82,8.0,2.0,5.0,5.0,5.0,3.0,3.623965826279142,5.0,5.0,3.0
83,8.0,3.0,5.0,5.0,4.0,5.0,3.0,5.0,5.0,3.0
84,8.0,4.0,4.006258937917975,4.703954728862753,2.5414549324462112,2.9344619076681586,4.480429549399884,4.239748709810787,3.1820861728538103,3.0
85,8.0,5.0,5.0,5.0,5.0,5.0,5.0,5.0,3.0,2.9999999999999996
86,8.0,6.0,5.0,5.0,2.0,5.0,5.0,5.0,4.0,3.0
87,8.0,7.0,4.2009999950403385,3.2619630303102083,3.9363654701650157,4.2890853807862275,4.163686237921924,4.193248455061344,3.3555558094860958,3.0
88,8.0,8.0,4.0,5.0,4.0,3.0,4.036345832987992,5.0,3.0935640035962084,3.0
89,8.0,9.0,4.0,5.0,5.0,5.0,5.0,4.0,2.0,2.9999999999999996
90,9.0,0.0,3.0,5.0,1.0,1.0,2.0,3.0,3.0,3.0
91,9.0,1.0,2.0,3.0,4.0,2.0,5.0,3.0,1.0,3.0
92,9.0,2.0,4.0,3.0,2.0,1.0,3.0533507807570874,3.0,4.0,3.0
93,9.0,3.0,3.0,2.0,2.0,1.0,2.0,4.0,2.9925178389661795,3.0
94,9.0,4.0,4.0,3.907416530488753,1.0,2.0,3.0,3.6833135759250513,2.4238601385767073,3.0000000000000004
95,9.0,5.0,3.241705322072299,3.0,2.6219148994956853,3.0,4.0,5.0,2.0,3.0
96,9.0,6.0,3.0,3.0,3.0,4.0,5.0,3.0,1.0,3.0
97,9.0,7.0,5.0,2.430556264626758,4.0,5.0,3.5771359426406395,4.0,2.0,3.0
98,9.0,8.0,2.9103949979457635,3.146120317846199,2.173449126405954,2.03164398835849,3.342643850345312,3.0048179723732504,2.3073398830347407,3.0000000000000004
99,9.0,9.0,3.3047160448284,3.4960454889569075,3.4318003499349015,3.32082937347275,3.6920327777311748,2.6089665967589277,1.6215735794916069,3.0
100,10.0,0.0,3.0,3.0,1.0,1.0,5.0,2.0,2.0,3.0
101,10.0,1.0,2.9918491613069147,2.902194686887288,3.6228111206048723,2.217054502493216,3.6614252960302256,2.5938245833185816,2.344082254522953,3.0
102,10.0,2.0,4.0,2.0,4.0,3.0,4.0,2.8797842550786283,4.0,3.0
103,10.0,3.0,4.0,3.0,3.0,1.0,1.0,4.0,2.0,3.0
104,10.0,4.0,5.0,3.5144450104923504,1.0,2.1311498730067013,5.0,1.0,2.0,3.0
105,10.0,5.0,2.0,1.0,2.0,3.0,5.0,4.0,2.339092792864156,3.0
106,10.0,6.0,3.132947396236079,3.111859811794093,2.1544833107712864,3.4673985782690506,3.7925558981649754,3.2372067763437435,2.434116547802448,3.0
107,10.0,7.0,1.0,1.0,4.0,5.0,2.0,3.2765399960910306,1.0,3.0
108,10.0,8.0,2.7058910128574065,3.0,3.0,3.0,3.3841136629930078,2.0,2.0,3.0
109,10.0,9.0,1.0,3.0,1.0,3.4266357045944655,3.0,3.0,2.0,3.0
110,11.0,0.0,3.0,5.0,1.0,1.0,4.0,4.0,2.0,3.0
111,11.0,1.0,5.0,4.0,5.0,2.0,3.0,3.0,3.0,3.0
112,11.0,2.0,4.0,2.0,3.0,3.0,2.0,3.0,5.0,3.0
113,11.0,3.0,3.6499074659912156,3.0,2.0,2.0,1.0,5.0,3.4189564962305337,3.0
114,11.0,4.0,4.0,5.0,1.920192958581461,2.0,5.0,5.0,3.0,3.0000000000000004
115,11.0,5.0,3.454793372289899,3.69123021761271,2.7689690884630225,2.8993685790844452,3.7963085893099393,3.93317711674599,2.7414436375148763,3.0
116,11.0,6.0,5.0,3.970326000969951,2.0,5.0,4.0,5.0,3.0,3.0
117,11.0,7.0,3.726690727737121,2.8459794658498314,3.2995531995093805,3.5456346978168374,3.5321867525523145,3.6348402509410542,2.9603052632315654,3.0
118,11.0,8.0,3.134659069329216,5.0,1.0,2.0,4.0,1.0,3.0,3.0000000000000004
119,11.0,9.0,2.0,5.0,5.0,5.0,4.0,2.0,2.0,3.0
120,12.0,0.0,4.0,5.0,2.0,2.0,5.0,5.0,3.0,2.9999999999999996
121,12.0,1.0,3.0,5.0,5.0,3.0,5.0,4.0,4.0,3.0
122,12.0,2.0,3.5791932756373948,3.8243605896450097,3.2476437956927464,2.896664332355387,3.588626773234339,3.8088824579277736,3.9895896163453166,3.0
123,12.0,3.0,4.0,4.0,5.0,3.0,2.0,5.0,3.721950789090605,3.0
124,12.0,4.0,3.727257067943868,4.563930808384322,2.507233791139897,2.6284190515168664,4.448182234358466,4.227884790563996,3.0348498811852505,3.0
125,12.0,5.0,4.0,5.0,5.0,5.0,5.0,5.0,4.0,2.9999999999999996
126,12.0,6.0,5.0,5.0,3.0,5.0,5.0,5.0,4.0,3.0
127,12.0,7.0,5.0,3.0,5.0,5.0,5.0,5.0,4.0,3.0
128,12.0,8.0,4.0,5.0,3.0,3.0,5.0,5.0,2.9340553543212105,3.0
129,12.0,9.0,4.0,5.0,5.0,4.006272445297936,5.0,3.0,2.0,2.9999999999999996
130,13.0,0.0,3.0,5.0,2.0,1.7222091153998904,5.0,4.0,1.0,2.999999999999999
131,13.0,1.0,2.0,3.389948148414093,4.0,1.0,5.0,3.0,5.0,3.0
132,13.0,2.0,1.0,3.0,1.0,2.0,2.0,2.0,3.53754071634461,2.999999999999999
133,13.0,3.0,2.9301351797031048,3.1124840194460797,2.557276036098128,2.3161004118702837,2.6445709525703265,3.8092155608344234,3.2046713227031973,3.0
134,13.0,4.0,2.0,5.0,1.0,1.0,5.0,4.0,3.0,2.999999999999999
135,13.0,5.0,3.0,4.0,5.0,3.0,4.081940536645322,4.0,3.0,2.999999999999999
136,13.0,6.0,4.0,2.0,3.0,5.0,5.0,5.0,3.0,2.999999999999999
137,13.0,7.0,1.0,1.0,3.1686097684288153,4.0,3.800594673913446,4.0,3.0,2.999999999999999
138,13.0,8.0,2.476433892913298,4.0,1.0,1.0,3.0,3.0,1.0,2.999999999999999
139,13.0,9.0,2.877321710210331,3.602341769741733,3.4557295093089007,3.3313810514155096,3.933688470263554,2.6371265976584652,1.9005961313005026,2.999999999999999
140,14.0,0.0,3.0739735695261405,4.2697604270057194,2.558164121908833,2.1649077085882427,4.434914501009775,3.4710984034959758,2.9250964766168037,3.0
141,14.0,1.0,3.0,4.0,5.0,2.0,4.0,2.0,3.173674385302688,3.0
142,14.0,2.0,2.0,3.0,4.0,2.0,4.0,4.0,5.0,3.0000000000000004
143,14.0,3.0,4.0,4.0,3.0,2.0,3.0,5.0,5.0,3.0
144,14.0,4.0,2.0,5.0,3.0,2.504344025589817,5.0,5.0,5.0,3.000000000000001
145,14.0,5.0,4.0,4.0,3.4175635983635866,4.0,4.269565052418876,4.067010921343961,3.1670535545789527,3.0
146,14.0,6.0,3.0,5.0,2.9457915832506076,5.0,5.0,4.0,4.0,3.0000000000000004
147,14.0,7.0,5.0,2.0,5.0,4.0,5.0,5.0,3.0,3.0000000000000004
148,14.0,8.0,2.9394944475732507,3.5604985333243215,2.939183332246519,2.495412314909321,3.842063241374147,3.1772126505211546,3.115112817294377,3.000000000000001
149,14.0,9.0,3.3685774182945907,5.0,5.0,5.0,5.0,1.0,2.0,3.0
150,15.0,0.0,1.0,4.050589068051332,2.0,1.0,5.0,4.0,2.3054648754738274,2.9999999999999996
151,15.0,1.0,3.0,3.4773361014026065,5.0,1.0,4.0,3.0,3.0,3.0
152,15.0,2.0,2.9859093088481456,3.0,2.0,2.0,3.0,2.0,4.0,3.0
153,15.0,3.0,3.0,2.0,3.0,2.257997670209673,2.0,4.0,4.0,3.0
154,15.0,4.0,3.0,5.0,2.0,1.0,3.0,4.0,2.0,3.0
155,15.0,5.0,5.0,3.0,1.0,2.0,3.0,4.0,2.0,2.9999999999999996
156,15.0,6.0,2.0,4.0,3.0,5.0,5.0,4.0,2.6608961072769115,3.0
157,15.0,7.0,3.3804007065245103,2.6432538651666633,3.2032005277829807,3.334666320030008,3.506720147298501,3.6318435800587174,2.7953955326164164,3.0
158,15.0,8.0,2.7477889700146534,3.332606601712106,2.2676614467023333,2.0025941459045686,3.341771490620168,3.0159212425369097,2.510727077043682,3.0
159,15.0,9.0,4.0,5.0,3.0,4.0,2.0,2.6101861739861776,1.0,2.9999999999999996
160,16.0,0.0,3.0,3.0,1.0,1.0,3.0,3.0,1.0,3.0
161,16.0,1.0,2.5767748503557097,2.6942380794746708,3.209867493472517,1.7347265295589342,2.992085984045464,2.329246441618617,2.160185187312556,3.0
162,16.0,2.0,2.0,2.0,2.0,1.0,1.0,2.541081951244773,2.0,3.0
163,16.0,3.0,2.7017428291550223,1.0,2.0,1.0,1.0,1.0,3.0,3.0
164,16.0,4.0,2.0,3.0,1.0,2.0,4.0,2.0,1.0,3.0
165,16.0,5.0,2.0,2.0,1.0,2.28615133189061,2.0,2.0,2.0,3.0
166,16.0,6.0,1.0,1.0,1.0,2.0,2.0,3.0,2.0,3.0
167,16.0,7.0,2.0,1.0,3.0,2.0,2.0,3.0,2.0,3.0
168,16.0,8.0,2.0,3.0,1.0,2.0,2.0,1.0,2.0,3.0
169,16.0,9.0,2.632840716798529,2.8996121118490024,2.925196003687276,2.8503487515110493,2.993240954140159,2.0060077441281043,1.5078518674506967,3.0
170,17.0,0.0,1.0,5.0,1.0,1.6933178887497182,3.0,2.6813208267196837,2.2669416607586044,2.999999999999999
171,17.0,1.0,1.0,2.0,3.0,1.0,2.0,4.0,1.0,3.0
172,17.0,2.0,2.0,2.0,1.0,3.0,2.0,1.0,5.0,2.9999999999999996
173,17.0,3.0,2.0,3.0,2.0,2.0,1.0,4.0,3.0,3.0
174,17.0,4.0,3.0,3.0,1.0,3.0,3.0,2.0,2.5727712926692985,3.0
175,17.0,5.0,2.546657514821093,3.0884174525958072,2.4506513851734297,2.63606404104954,3.1970421143682524,3.282821627038374,2.555717369829911,2.999999999999999
176,17.0,6.0,2.7093665193957284,3.322881751958181,2.0353913934196903,3.291770844021517,3.1911716721592676,2.9868144636615535,2.62453187384038,2.9999999999999996
177,17.0,7.0,2.804970837081659,3.0,5.0,4.0,2.920658093126999,2.0,4.0,2.9999999999999996
178,17.0,8.0,2.0,1.0,2.0,1.0,1.0,1.0,2.0,3.0
179,17.0,9.0,2.0,4.0,2.0,3.1907699918872297,3.0,1.0,1.0,2.999999999999999
180,18.0,0.0,2.0,5.0,1.0,1.0,5.0,4.0,2.0,3.0
181,18.0,1.0,3.0,3.0,5.0,2.0,4.0,3.0,2.7208772412396627,3.0
182,18.0,2.0,4.0,3.0,2.0,2.0,3.0,2.0,5.0,3.0
183,18.0,3.0,3.3834673350279294,3.068267027982958,2.6835866850564694,2.3238874503587494,2.666338859608513,3.7639688036459606,3.39895790795563,3.0
184,18.0,4.0,3.30995749157074,3.968035740471831,1.9194048753954616,2.048884852275505,4.193026974310816,3.6777143844669995,2.764455483333691,3.0
185,18.0,5.0,3.0,3.0,2.0,2.753697828319029,4.0,5.0,3.0,3.0
186,18.0,6.0,3.3566786534793067,4.0,2.0,3.0,5.0,4.0,3.0,3.0
187,18.0,7.0,4.0,2.0,3.2586341115004114,4.0,5.0,3.619017955510696,4.0,3.0
188,18.0,8.0,3.0,3.0,3.0,1.0,4.0,3.0,3.0,3.0
189,18.0,9.0,4.0,3.0,4.0,4.0,3.0,3.0,1.0,3.0
190,19.0,0.0,3.1064268632255665,3.8479289928001834,1.9909181736114299,1.7522025156594978,4.076614286905503,3.1642455688602342,2.209050982536695,3.0
191,19.0,1.0,3.0,3.0,4.0,1.0,3.7200807619314658,2.0,2.0,3.0
192,19.0,2.0,3.164836283415589,3.103048474742473,2.590203340972147,2.3281301856468195,3.1463107127435936,3.0702544986523295,3.4194767960573564,3.0
193,19.0,3.0,3.4348803621595443,3.0,2.0,2.0,2.490891934300662,3.644675934261489,3.0,3.0
194,19.0,4.0,3.0,4.0,1.0,1.0,4.0,4.0,3.0,3.0
195,19.0,5.0,4.0,3.0,3.0,3.0,4.0,4.0,3.0,3.0
196,19.0,6.0,4.0,3.0,2.0,4.0,4.0,3.0,3.0,3.0
197,19.0,7.0,4.0,2.4493679096856713,4.0,4.0,3.0,4.0,2.0,3.0
198,19.0,8.0,2.9418237709600916,3.0,2.0,2.0,4.0,3.0,2.0,3.0
199,19.0,9.0,3.0,3.5036787147714,5.0,3.0,3.0,2.0,1.0,3.0
200,20.0,0.0,3.0,4.0,1.0,1.0,5.0,3.0,2.0,2.9999999999999996
201,20.0,1.0,2.0,3.0,5.0,1.0,3.0,2.0,3.0,3.0
202,20.0,2.0,3.068560602240112,3.2141320633117094,2.706120229084531,2.314536963694755,3.2013872621399173,3.157186541106899,3.5485624415953776,3.0
203,20.0,3.0,3.3401172273127937,4.0,4.0,3.0,1.0,5.0,4.0,3.0
204,20.0,4.0,2.0,5.0,1.0,2.0,5.0,3.0,4.0,3.0
205,20.0,5.0,3.176404382435895,3.3589743478449003,2.886132302191725,2.757468457507245,3.9884301931287327,3.819007372118567,2.555298675345436,2.9999999999999996
206,20.0,6.0,5.0,3.0,3.0,5.0,4.0,4.0,2.0,3.0
207,20.0,7.0,4.0,2.0,4.0,3.4104452826129332,4.0,4.0,2.0,3.0
208,20.0,8.0,3.0,2.0,2.4174982921006767,1.0,4.0,3.0,2.4732858518929577,3.0
209,20.0,9.0,3.2595771747810165,4.0,3.7126173393447734,4.0,5.0,2.0,1.0,2.9999999999999996
210,21.0,0.0,2.4457911814863666,3.3198413038988925,1.7483693635489965,1.553543661425544,3.66442299281855,2.8232652069650737,2.059281917887624,2.9999999999999996
211,21.0,1.0,2.0,2.0,4.0,1.0,3.0,3.0,1.0,3.0
212,21.0,2.0,2.0,3.0,1.0,2.0,4.0,2.0,3.0,3.0
213,21.0,3.0,1.0,2.0,2.0,1.0,2.0,4.0,3.0,3.0
214,21.0,4.0,2.7785324730644203,3.407309860601271,1.740582930703714,1.8607893199517824,3.6102912793146613,3.209612085154266,2.3443642540383034,3.0
215,21.0,5.0,3.0,3.0,2.0,2.0,4.0,3.0,2.0,2.9999999999999996
216,21.0,6.0,3.0,2.0,1.0,3.0,3.4523811220624663,3.1304930328711738,2.0,3.0
217,21.0,7.0,1.0,1.0,2.0,4.0,1.0,3.0,2.0,3.0
218,21.0,8.0,2.0,2.0,3.0,1.0,3.0,1.0,3.0,3.0
219,21.0,9.0,2.0,2.0,3.0,2.0,3.0,2.0,1.0,2.9999999999999996
220,22.0,0.0,2.0,3.0,1.0,1.0,4.0,2.0,3.0,2.9999999999999996
221,22.0,1.0,2.5556929325673887,3.0690403412383622,3.4554130225355975,1.8208078793111502,3.641837133299836,2.440236700953661,2.2326328455578093,3.0
222,22.0,2.0,1.0,4.0,2.0,1.0,3.0,3.0,3.0,3.0
223,22.0,3.0,2.0,3.0,3.0,1.0,2.0,4.0,3.0,3.0
224,22.0,4.0,2.0,5.0,2.0,2.0,4.0,3.0,1.0,3.0
225,22.0,5.0,2.0,3.0,3.0,2.0,3.0,1.0,2.0,2.9999999999999996
226,22.0,6.0,3.0,3.0,1.0,3.0,4.0,3.0,2.0,3.0
227,22.0,7.0,2.801602426948091,2.292527437289273,2.909021447375605,3.0246651872827215,3.5040197756483336,3.0622761502268068,2.4830476740598137,3.0
228,22.0,8.0,1.0,1.0,1.0,1.0,4.0,1.0,1.0,3.0
229,22.0,9.0,2.0,1.0,3.0,3.0,5.0,2.0,1.0,2.9999999999999996
230,23.0,0.0,3.0,5.0,1.0,1.0,3.0,3.0,2.386568804651544,3.000000000000001
231,23.0,1.0,4.0,3.0,5.0,2.0,3.0,2.0,4.0,3.0
232,23.0,2.0,3.131176275233345,1.0,2.0,2.0,3.0,3.0,4.0,3.000000000000001
233,23.0,3.0,2.0,3.02297796828069,3.0,1.0,2.0,3.0,4.0,3.0
234,23.0,4.0,5.0,5.0,1.9197225988555153,2.0,5.0,5.0,3.0,3.000000000000001
235,23.0,5.0,3.0,5.0,2.0,2.0,4.0,5.0,2.0,3.000000000000001
236,23.0,6.0,3.3833793861446955,3.5648912433966276,2.3016612383207495,3.178328846913388,3.7322338545180562,3.5592577686288234,2.720928669660791,3.000000000000001
237,23.0,7.0,4.0,1.0,3.0,4.0,4.0,4.0,1.0,3.000000000000001
238,23.0,8.0,3.0,3.0,3.0,1.0,3.0,2.0,2.0,3.000000000000001
239,23.0,9.0,3.326498116774513,3.5432367570810355,3.5541955781828247,3.113490252659227,3.61068150634328,2.522625647089493,1.9186114207682712,3.000000000000001
240,24.0,0.0,4.0,5.0,2.0,1.0,5.0,3.0,4.0,3.0
241,24.0,1.0,3.5888352736233005,4.0,5.0,2.0,4.0,4.0,3.0,3.0
242,24.0,2.0,5.0,2.0,3.0,1.0,2.0,3.0,4.0,3.0
243,24.0,3.0,3.759796496818193,3.325059976305532,2.861325319228145,2.5125250864598234,2.4711457938545447,3.578800745355485,3.337725549875497,3.0
244,24.0,4.0,5.0,5.0,1.0,5.0,4.0,5.0,2.7344021398183824,3.0
245,24.0,5.0,3.0,5.0,3.0,3.0,3.9167086377599327,3.0,2.0,2.9999999999999996
246,24.0,6.0,3.7157511325536547,5.0,3.0,5.0,3.0,3.3849233962803753,3.0,3.0
247,24.0,7.0,4.0,1.0,3.0,2.0,4.0,1.0,3.0,2.9999999999999996
248,24.0,8.0,3.250475104478257,3.476571753859902,2.4878782052392028,2.2548066880436193,3.4784985903497896,2.7850765996182383,2.6146555094392987,3.0
249,24.0,9.0,4.0,4.0,5.0,4.0,3.7666211832410905,1.0,1.0,3.0
250,25.0,0.0,4.0,5.0,2.0,1.0,5.0,3.0,2.0,3.0
251,25.0,1.0,4.0,3.0,5.0,2.0,4.0,2.0,3.0,3.0
252,25.0,2.0,4.0,3.0,3.0,2.2316899876634153,3.0,3.0,5.0,3.0000000000000004
253,25.0,3.0,3.4993329611935087,3.238726582640626,2.914565348304638,2.255999412886906,2.720708230109942,3.703103804602086,3.4119144365083134,3.0
254,25.0,4.0,3.0,5.0,1.0,2.0,5.0,3.0,3.0,3.000000000000001
255,25.0,5.0,4.0,3.0,4.0,2.6739094917461017,5.0,5.0,2.7393349163710905,3.0
256,25.0,6.0,3.4686109176212794,3.7553520656974557,2.5533114166147213,3.3565543228106183,4.120253385301593,3.528044032982343,2.834049025216467,3.0000000000000004
257,25.0,7.0,4.0,3.0,4.0,3.3250717691399463,4.0,4.0,3.0,3.0000000000000004
258,25.0,8.0,2.0,3.0,2.0,2.0,4.0,2.894646734322861,2.0,3.000000000000001
259,25.0,9.0,3.0,4.0,5.0,4.0,4.0,2.0,1.9968488460200593,3.0
260,26.0,0.0,2.7016501500201775,3.959087298592087,1.431833973366679,1.7805472893275422,3.64456595609599,3.1311853676763617,2.3034950002093564,3.0
261,26.0,1.0,3.0,4.0,3.0,1.0,5.0,2.7779364989099897,3.0,3.0
262,26.0,2.0,2.0,3.0,1.0,1.0,1.0,2.0,2.0,3.0
263,26.0,3.0,2.0,3.132745030536072,2.0,2.0,4.0,4.0,3.0,3.0
264,26.0,4.0,5.0,3.0,1.0,1.0,3.0,2.0,3.0,3.0
265,26.0,5.0,1.0,5.0,1.0,2.0,3.0,5.0,4.0,3.0
266,26.0,6.0,4.0,5.0,1.0,5.0,1.0,3.4451172710333235,1.0,3.0
267,26.0,7.0,3.076751014797018,2.618326719524451,2.692257053559004,3.3604073851186484,3.1892823519313023,3.449123875895942,2.7770795486978725,3.0
268,26.0,8.0,1.0,3.0,1.0,4.0,3.0,3.0,2.4577117682209284,3.0
269,26.0,9.0,2.0,2.0,2.9797973814731313,4.0,2.0,3.0,1.8436482550399507,3.0
270,27.0,0.0,2.0,3.0,1.0,1.0,3.0,2.0,1.0,2.9999999999999996
271,27.0,1.0,2.624974715247099,2.68829208122804,3.2537510312751365,1.8042884684352083,3.066496005087444,2.3985219811325864,2.1473043922074533,3.0
272,27.0,2.0,2.497227034521608,2.0,1.0,1.0,2.0,2.0,3.0,3.0
273,27.0,3.0,2.0,2.0,1.0,1.0,1.0,3.0,3.0,3.0
274,27.0,4.0,2.8149194195949896,3.3472505329962727,1.4498290255030262,1.7538531712192746,3.357676605014117,3.0987760065591203,2.1978639759280387,3.0
275,27.0,5.0,3.0,2.695440725920068,2.0,1.0,3.2066298572503134,3.0,2.0,2.9999999999999996
276,27.0,6.0,2.0,2.0,1.0,3.0,3.0,3.0,2.0,3.0
277,27.0,7.0,2.0,1.0,2.0,3.0,2.0,2.0,2.41400489150828,3.0
278,27.0,8.0,2.0,2.0,1.781363513417423,1.0,2.0,2.375919069473277,1.0,3.0
279,27.0,9.0,2.0,2.0,3.0,3.0,3.0,1.0,1.0,2.9999999999999996
280,28.0,0.0,3.058232275393623,3.0,1.0,1.0,5.0,3.0,1.0,3.0
281,28.0,1.0,3.0,3.0,4.0,2.0,3.0,2.0,2.0,3.0
282,28.0,2.0,3.1514514241093483,3.014624100583608,2.457301090246377,2.4088272866537395,3.097510480960291,3.214086169599984,3.347002325827604,3.0
283,28.0,3.0,4.0,2.0,2.0,2.0,1.0,4.0,4.0,3.0
284,28.0,4.0,3.0,5.0,1.8333360065002915,2.0,5.0,4.0,2.0,3.0000000000000004
285,28.0,5.0,3.0,3.1791275689249203,2.0,2.8431579844952197,4.0,4.0,2.371013265694445,3.0
286,28.0,6.0,3.0,3.0,2.215761203876609,4.0,4.0,4.0,2.0,3.0
287,28.0,7.0,4.0,1.0,2.0,4.0,4.0,3.613753630106072,3.0,3.0
288,28.0,8.0,2.9140323177619143,3.07664890636222,2.2127985719987557,2.156635906470695,3.428760320115316,2.9741529448638957,2.269593631013389,3.0000000000000004
289,28.0,9.0,4.0,4.0,4.0,4.0,3.0,2.5611794536025894,1.0,3.0
290,29.0,0.0,1.0,5.0,1.0,2.0,4.0,2.0,2.623314311625508,3.0
291,29.0,1.0,1.0,4.0,3.420255714983128,2.0,3.6625525618483152,2.0,1.0,3.0
292,29.0,2.0,4.0,2.0,1.0,3.0,4.0,3.108087100999951,5.0,3.0
293,29.0,3.0,3.0,3.0,1.0,3.0,1.0,3.0,3.0,3.0
294,29.0,4.0,1.0,5.0,1.0,1.0,5.0,5.0,2.927598262945734,3.0
295,29.0,5.0,2.8788646375999427,3.4345324497057437,2.4101154709424133,2.676508665335205,3.8346357884661613,3.815216034774079,2.878502368221231,3.0
296,29.0,6.0,3.0,4.0,4.0,3.343140832774173,4.0,4.0,4.0,3.0
297,29.0,7.0,3.0,1.0,4.0,4.0,4.0,5.0,3.1094826107545264,3.0
298,29.0,8.0,4.0,5.0,1.0,1.0,3.0,2.0,4.0,3.0
299,29.0,9.0,2.942055253056531,3.7029543556493376,3.2046199103469926,3.2752907768806097,3.6998691237158594,2.482390065541021,2.12003858056696,3.0
300,30.0,0.0,3.0219949676850497,4.121742421874497,2.5160413391689342,1.912063773284717,3.951750601167567,3.17514388665145,2.231007028061944,3.0
301,30.0,1.0,3.0,4.0,5.0,1.0,3.0,1.0,3.0,3.0
302,30.0,2.0,2.0,5.0,4.0,2.0,4.0,3.0,3.0,3.0
303,30.0,3.0,4.0,5.0,3.225121415739536,4.0,1.0,3.0,3.0,3.0
304,30.0,4.0,5.0,5.0,2.4835721446049166,1.0,2.0,4.0,2.0,3.0
305,30.0,5.0,3.0,2.0,4.0,3.0,5.0,4.0,1.0,3.0
306,30.0,6.0,2.0,5.0,3.0,5.0,3.0,3.0,2.5763267556966287,3.0
307,30.0,7.0,5.0,3.0,3.0,4.0,5.0,4.0,2.0,3.0
308,30.0,8.0,2.0,2.0,5.0,3.0,4.0,3.0,3.0,3.0
309,30.0,9.0,3.267571128959737,3.799112493078133,4.075339076569314,3.526980670567321,3.6568306580669585,2.425501235005834,1.7611656274994327,3.0
310,31.0,0.0,3.0,2.0,1.0,1.0,2.0,3.0,2.0,2.999999999999999
311,31.0,1.0,1.0,1.0,3.231701720313399,1.0,3.0,1.0,2.1957822965784395,3.0
312,31.0,2.0,1.0,1.0,1.0,1.0,1.0,1.0,3.0,2.9999999999999996
313,31.0,3.0,1.0,1.0,2.0,3.0,1.0,3.0,2.0,3.0
314,31.0,4.0,2.591963319106232,3.0190254293880407,1.4401047181716757,1.7540039000477652,3.1301721631214683,2.864364206241962,2.2472742520011426,3.0
315,31.0,5.0,2.386391103233875,2.398651436006633,2.1659222530937745,2.3441160611345753,2.9768425566862504,3.05322242243062,2.227567707776984,2.999999999999999
316,31.0,6.0,1.0,1.0,1.0,3.0,4.0,2.0,1.0,2.9999999999999996
317,31.0,7.0,2.0,1.0,2.0,2.0,1.0,2.0,3.0,2.9999999999999996
318,31.0,8.0,1.0,2.2545801099732286,1.0,1.0,1.0,1.0,1.0,3.0
319,31.0,9.0,3.0,2.0,3.0,2.0,1.0,1.0,1.5416057513970571,2.999999999999999
320,32.0,0.0,4.0,5.0,1.0,2.0,4.3585934305972165,2.0,1.0,3.0
321,32.0,1.0,4.0,3.0,5.0,1.0,5.0,3.0,1.0,3.0
322,32.0,2.0,4.0,3.3613804077734772,2.0,2.0,3.0,4.0,4.0,3.0
323,32.0,3.0,4.0,3.0,2.0,3.0,3.0,5.0,4.0,3.0
324,32.0,4.0,4.0,5.0,1.0,1.0,5.0,4.0,4.0,3.0000000000000004
325,32.0,5.0,4.0,3.0,4.0,3.0,5.0,5.0,4.0,3.0
326,32.0,6.0,3.7409203382562572,3.792116907502953,2.516116260647136,3.4640979112949255,4.144495453683485,3.7113457999274004,2.744631597113026,3.0
327,32.0,7.0,3.8648212015104164,2.0,5.0,3.432690693036717,4.0,4.0,3.0,3.0
328,32.0,8.0,3.25928497494743,3.436166414449284,2.4800692319165614,2.090336293601307,3.7450793085482292,3.101156103127138,2.5764284460219056,3.0000000000000004
329,32.0,9.0,5.0,5.0,5.0,5.0,5.0,2.0,1.0,3.0
330,33.0,0.0,3.0,5.0,1.0,1.0,5.0,3.0,2.0,3.0
331,33.0,1.0,3.0,4.0,5.0,1.0,4.08597024206914,2.733029203501267,2.0,3.0
332,33.0,2.0,3.0,4.0,3.0,3.0,3.4929917097215277,4.0,5.0,3.0
333,33.0,3.0,3.2826308223920195,3.5351881823405384,2.612003420562443,2.3127159038762537,2.8309142326285244,3.653010654483358,3.348690074177529,3.0
334,33.0,4.0,2.0,4.0,2.0,1.0,5.0,3.5053420120487404,3.0,3.0
335,33.0,5.0,2.0,5.0,3.0,4.0,5.0,4.0,4.0,3.0
336,33.0,6.0,4.0,4.0,1.0,5.0,4.0,3.45294809966589,2.0,3.0
337,33.0,7.0,3.37224950014534,2.9574621229575344,3.172836143072635,3.381331149911066,3.976649679282705,3.456907317591984,2.913809197766146,3.0
338,33.0,8.0,4.0,4.0,2.0,1.0,4.0,2.0,3.0,3.0
339,33.0,9.0,3.0,5.0,3.480468077792729,3.330963108458265,4.0,2.0,2.0,3.0
340,34.0,0.0,3.0,4.258460733954536,2.0,1.0,5.0,4.0,3.0,3.0
341,34.0,1.0,3.259517325488388,3.6918661158571235,3.9070053453597824,2.5614654694220835,4.036314516022015,3.286956762539424,2.762019107356572,3.0
342,34.0,2.0,3.162307211025406,3.4945617952172157,2.6758690018573583,2.7240464268751645,3.4070596327261757,3.659070049409209,3.762952293740827,3.0
343,34.0,3.0,4.0,3.426873649494584,3.0,3.0,1.0,5.0,5.0,3.0
344,34.0,4.0,4.0,5.0,2.0,2.0,5.0,5.0,3.0,3.0
345,34.0,5.0,2.0,4.0,3.0,4.0,5.0,5.0,3.0,3.0
346,34.0,6.0,3.3936827797954825,5.0,2.0,5.0,5.0,5.0,4.0,3.0
347,34.0,7.0,4.0,2.0,4.0,4.0,3.9476345714667724,5.0,2.0,3.0
348,34.0,8.0,2.0,3.0,2.0,3.0,5.0,4.0,2.6904526979792314,3.0
349,34.0,9.0,4.0,5.0,5.0,5.0,4.0,2.0,1.0,3.0
350,35.0,0.0,3.0,5.0,1.0,1.0,5.0,1.0,2.0,2.9999999999999996
351,35.0,1.0,5.0,5.0,5.0,3.0,5.0,5.0,5.0,3.0
352,35.0,2.0,4.0,5.0,3.0,3.0,5.0,5.0,5.0,3.0
353,35.0,3.0,5.0,3.604365684006951,3.0,3.0,3.0,5.0,5.0,3.0
354,35.0,4.0,4.0,5.0,2.2673616687885843,1.0,5.0,5.0,4.0,3.0
355,35.0,5.0,3.7385080172447944,3.7727648485199072,3.1682535313407234,3.147457744857328,4.285648509449145,4.10573519756285,2.8663331743738087,2.9999999999999996
356,35.0,6.0,5.0,4.0,3.0,5.0,5.0,3.0,2.0,3.0
357,35.0,7.0,4.022397439380743,3.0,5.0,5.0,3.0,3.0,2.0,3.0
358,35.0,8.0,3.4066168462695336,3.7083676738974405,2.677754554156993,2.418965670255103,3.896214417273537,3.2269408086682794,2.808797093056839,3.0
359,35.0,9.0,5.0,3.0,5.0,5.0,5.0,4.0,1.0,2.9999999999999996
360,36.0,0.0,4.0,5.0,1.0,1.0,5.0,4.0,2.0,3.0
361,36.0,1.0,3.837803697058522,4.0,5.0,2.0,5.0,3.0,3.0,3.0
362,36.0,2.0,3.762928698040006,3.7998606521596496,2.7951051905017312,2.9001368233637193,3.4766031705273273,3.637805549259048,3.872813061879811,3.0
363,36.0,3.0,5.0,5.0,5.0,5.0,1.0,5.0,5.0,3.0
364,36.0,4.0,3.919447379323822,5.0,1.0,5.0,5.0,4.061939344713097,3.0,3.0000000000000004
365,36.0,5.0,5.0,4.0,3.0,4.0,5.0,5.0,2.0,3.0
366,36.0,6.0,3.9840906892605172,4.2301431606340065,2.4619259610167257,4.022176499118227,4.240652182753631,4.034358835416509,2.968549936930394,3.0
367,36.0,7.0,5.0,3.0814332069473833,3.4726723986904187,5.0,5.0,5.0,5.0,3.0
368,36.0,8.0,4.0,5.0,3.0,3.0,3.869043138657413,5.0,4.0,3.0000000000000004
369,36.0,9.0,5.0,4.215663281871384,3.761995059389469,5.0,5.0,3.0,2.0,3.0
370,37.0,0.0,1.0,3.0,1.0,1.0,4.0,2.0,2.0,2.9999999999999996
371,37.0,1.0,4.0,1.0,4.0,3.0,1.0,3.0,1.0,3.0
372,37.0,2.0,3.0,3.0,2.0,2.0,3.0,3.0,5.0,3.0
373,37.0,3.0,3.0,2.9474748778505777,3.0,1.0,1.0,4.0,2.0,3.0
374,37.0,4.0,1.0,5.0,2.0,1.0,4.0,5.0,3.0,3.0
375,37.0,5.0,2.9167036930918178,2.0,2.0,2.0,2.0,5.0,1.0,2.9999999999999996
376,37.0,6.0,3.0,5.0,2.0,4.0,2.0,1.0,3.0,3.0
377,37.0,7.0,3.212297966901559,2.423269399875243,2.9875558053164557,3.22627369215399,3.144501216328717,3.434586958913936,2.7025930802999256,3.0
378,37.0,8.0,4.0,3.0,1.0,3.0,4.0,2.0,3.0,3.0
379,37.0,9.0,3.0257346724397616,3.444548138886838,3.2710958868925895,3.2024644599763765,3.2633930663359725,2.414309900120757,1.7617016217310235,2.9999999999999996
380,38.0,0.0,2.8795235113018007,4.070406272065731,2.005422715834882,1.8450201017206518,3.896125444684738,3.257702016404714,2.1191820671754242,2.9999999999999996
381,38.0,1.0,3.0782980143713794,3.4851321590031565,3.8505767148017327,2.253212254143173,3.556323524533041,2.889110960931578,2.4081308509071464,3.0
382,38.0,2.0,2.0,3.0,4.0,3.0,2.0,5.0,3.0,3.0
383,38.0,3.0,3.0,3.22484104843476,1.0,1.0,1.0,5.0,3.0563924175383477,3.0
384,38.0,4.0,3.0,5.0,2.0,2.0,4.0,4.0,1.0,3.0
385,38.0,5.0,4.0,4.0,2.0,2.0,4.0,4.0,3.0,2.9999999999999996
386,38.0,6.0,3.0,5.0,3.0,5.0,4.0,3.569147460460359,2.0,3.0
387,38.0,7.0,4.0,3.0,4.0,4.0,4.0,3.0,5.0,3.0
388,38.0,8.0,1.0,3.0,2.0,1.0,3.0,1.0,1.0,3.0
389,38.0,9.0,4.0,3.0,5.0,4.0,4.0,2.0,1.0,2.9999999999999996
390,39.0,0.0,4.0,5.0,2.0,1.0,5.0,3.0,2.0,3.0
391,39.0,1.0,4.0,3.0,5.0,3.0,5.0,3.0056760545940286,4.0,3.0
392,39.0,2.0,3.0,4.0,2.0,3.0,2.0,3.3473051950227166,5.0,3.0
393,39.0,3.0,3.635530042615785,3.360489057472823,2.942492682913743,2.557139274133389,2.794229577815903,3.9370972900614714,3.495689821121643,3.0
394,39.0,4.0,3.5795214472899755,4.219437807677822,2.1601529306502654,2.243135478248631,4.338257338251243,3.7821364779620756,2.8464577841396563,3.0
395,39.0,5.0,4.0,3.589874335656507,3.0,3.0,5.0,5.0,3.0,3.0
396,39.0,6.0,5.0,4.0,3.0,5.0,5.0,4.0,4.0,3.0
397,39.0,7.0,3.770666138007469,3.0,4.0,3.612316974040627,5.0,5.0,3.0,3.0
398,39.0,8.0,2.0,3.0,2.559872918029738,2.0,3.825741388594367,3.0,3.0,3.0
399,39.0,9.0,5.0,5.0,4.0,3.5806059704071447,4.0,2.0,1.0,3.0
400,40.0,0.0,5.0,5.0,3.0,3.0,5.0,5.0,4.0,3.0
401,40.0,1.0,4.0,4.0,5.0,2.718421762997826,5.0,2.0,5.0,3.0
402,40.0,2.0,5.0,5.0,3.0837509786318034,3.0,4.0,5.0,5.0,3.0
403,40.0,3.0,5.0,3.7979960546316103,5.0,3.0,2.0,5.0,5.0,3.0
404,40.0,4.0,4.031456000284633,4.56017283863935,2.3716819671991543,2.6209112223874067,4.373046272726312,4.130951874450033,3.3267131251700874,3.0000000000000004
405,40.0,5.0,5.0,5.0,5.0,4.0,5.0,4.383349246052231,4.0,3.0
406,40.0,6.0,5.0,5.0,3.0,5.0,5.0,5.0,4.0,3.0
407,40.0,7.0,5.0,3.1261322877241433,3.0,5.0,4.049360616119484,5.0,3.521359447303026,3.0
408,40.0,8.0,5.0,4.0,2.0,3.0,5.0,4.0,3.0,3.0000000000000004
409,40.0,9.0,4.023157356133286,4.249387139611343,4.049759410622551,3.995987890772188,4.176276840042378,2.9961567078336655,2.554018777177157,3.0
410,41.0,0.0,4.0,5.0,4.0,1.0,5.0,5.0,4.0,2.9999999999999996
411,41.0,1.0,3.737273775037449,3.8559444217787493,3.908461644579871,2.5192467102337384,4.303308557774849,3.3865369413899544,3.115346572360485,3.0
412,41.0,2.0,3.0,4.0,3.0,3.0,5.0,4.0,5.0,3.0
413,41.0,3.0,3.910515675295578,3.606671486754311,2.7881074160939887,2.7275497392552555,3.0245827412751414,4.301617901072174,3.8227798140962905,3.0
414,41.0,4.0,5.0,4.438528470776488,2.0,3.0,5.0,5.0,4.0,3.0
415,41.0,5.0,5.0,3.0,2.0,3.0,5.0,5.0,3.0,2.9999999999999996
416,41.0,6.0,4.0,5.0,1.0,5.0,4.0,4.137654392864671,5.0,3.0
417,41.0,7.0,5.0,2.9769581768831554,5.0,5.0,5.0,5.0,5.0,3.0
418,41.0,8.0,5.0,3.7381331754876896,1.0,1.0,5.0,4.0,4.0,3.0
419,41.0,9.0,3.8204379593962234,5.0,5.0,5.0,5.0,4.0,1.0,2.9999999999999996
420,42.0,0.0,3.0,5.0,2.0,1.0,3.980192516744454,1.0,3.0,2.9999999999999996
421,42.0,1.0,3.0,3.0,4.0,2.0,4.0,3.0,1.0,3.0
422,42.0,2.0,3.0,2.0,2.0,3.0,4.0,3.0,2.0,3.0
423,42.0,3.0,4.0,2.0,1.0,2.0,2.447346915549967,3.0,2.0,3.0
424,42.0,4.0,4.0,5.0,1.0,2.0,5.0,3.2363674229498414,1.0,3.0
425,42.0,5.0,3.0293030289568326,3.0,2.0,1.0,3.0,3.4596107912572798,3.0,2.9999999999999996
426,42.0,6.0,3.1807179454921917,3.4101748161828684,2.000582264972536,3.176396680630207,3.807213323790471,3.1614575226593296,2.330568093919425,3.0
427,42.0,7.0,3.285399599319799,2.338184603105276,2.936750045869719,3.156691524311076,3.5600515443386938,3.1831583907222,2.4656317376436685,3.0
428,42.0,8.0,2.0,2.0,1.0,3.0,1.0,4.0,2.0,3.0
429,42.0,9.0,2.0,2.0,3.0,2.0,5.0,1.0,1.0,2.9999999999999996
430,43.0,0.0,2.5723599623272486,3.376058725697536,1.6153025541919797,1.67569519796244,3.437455298004799,2.6287666383296653,2.0507023534221185,2.9999999999999996
431,43.0,1.0,2.0,2.0,3.0,2.0,3.0,2.0,2.0,3.0
432,43.0,2.0,2.0,2.0,2.0,2.0,2.0,1.0,4.0,3.0
433,43.0,3.0,3.0,2.0,2.0,2.1994992092711967,1.0,3.0,3.0,3.0
434,43.0,4.0,3.0,3.0,1.0,1.0,3.0,2.0,2.0,3.0
435,43.0,5.0,2.7323200580868834,2.809415955346975,2.3624604469690884,2.6177446838676333,3.267908419829296,3.2047689778168214,2.3057167991746343,2.9999999999999996
436,43.0,6.0,3.0,3.0,1.0,3.0,3.0,3.0,2.0,3.0
437,43.0,7.0,2.0,1.0,3.0,4.0,3.0,2.0,1.0,3.0
438,43.0,8.0,1.0,2.0,1.0,2.0,1.0,2.0,2.0,3.0
439,43.0,9.0,3.0,3.0,3.0,3.1875989789735866,3.0,1.0,1.0,2.9999999999999996
440,44.0,0.0,3.0,5.0,2.0,1.0,4.0,3.0,2.0,2.9999999999999996
441,44.0,1.0,3.0,3.0,3.4803649636112697,3.0,1.0,4.0,1.0,3.0
442,44.0,2.0,2.861055407874524,3.290634102788281,2.2569776956236693,2.6914217731722374,2.6943963424150645,3.2581801534200716,3.3213767729950296,3.0
443,44.0,3.0,3.1192772351780507,2.0,2.0,4.0,1.0,3.0,2.971650944801636,3.0
444,44.0,4.0,2.0,3.0,1.0,3.0,3.0,5.0,3.0,3.0
445,44.0,5.0,1.0,4.0,2.0,4.0,2.0,5.0,3.0,2.9999999999999996
446,44.0,6.0,4.0,5.0,2.0,2.0,5.0,4.0,1.0,3.0
447,44.0,7.0,5.0,2.680540066693114,3.0,5.0,3.0,4.0,4.0,3.0
448,44.0,8.0,2.6350553325682955,3.363804289009483,2.0143700669267597,2.4345710227627873,3.017871022571237,3.0445935029476,2.2835281812211896,3.0
449,44.0,9.0,1.0,4.0,2.0,5.0,2.0,1.0,1.0,2.9999999999999996
450,45.0,0.0,2.0,5.0,2.0,1.0,5.0,3.0,2.0,3.0
451,45.0,1.0,3.0,4.0,3.8874982368527906,3.0,4.130586955845086,3.0,2.0,3.0
452,45.0,2.0,2.771075471049912,3.4690906860708717,2.6388360819400654,2.6072384089366194,3.5265331221948233,3.447412589197903,3.7031602856240253,3.0
453,45.0,3.0,3.047061565746612,3.3957896603256925,2.756104853662931,2.6474516151609278,2.853618173743122,4.020026611880093,3.381527832415615,3.0
454,45.0,4.0,2.0,5.0,1.0,2.0,5.0,5.0,3.0,3.0
455,45.0,5.0,3.0,5.0,3.0,4.0,5.0,4.144337196060475,3.0,3.0
456,45.0,6.0,1.0,5.0,2.0,4.0,5.0,5.0,4.0,3.0
457,45.0,7.0,3.0,2.0,4.0,5.0,3.0,5.0,4.0,3.0
458,45.0,8.0,2.0,2.0,3.0,2.0,4.0,3.0,2.6432858022841716,3.0
459,45.0,9.0,3.0,4.0,5.0,4.0,5.0,2.785822952208042,2.0025753073122297,3.0
460,46.0,0.0,4.0,4.0,1.0,2.0,5.0,4.0,1.0,3.0
461,46.0,1.0,3.0,5.0,5.0,2.0,4.0,1.0,4.0,3.0
462,46.0,2.0,4.0,3.6364535760277894,3.0,3.0,3.0,2.0,5.0,3.0
463,46.0,3.0,5.0,4.0,3.0,2.0,2.0,5.0,4.0,3.0
464,46.0,4.0,3.786543301831993,4.37960997639544,2.096716430680299,2.4573469927732763,4.045331070739365,3.6442298694702115,2.9440747924355257,3.0000000000000004
465,46.0,5.0,5.0,5.0,4.0,4.0,3.940892981028126,5.0,4.0,3.0
466,46.0,6.0,4.0,4.0,1.0,4.0,3.9079003281716744,5.0,3.0,3.0
467,46.0,7.0,5.0,4.0,4.0,5.0,3.0,3.0,3.0,3.0
468,46.0,8.0,3.3788291523951397,3.6751181849451102,2.5037622244016253,2.4729497298636356,3.532272408099843,2.98413217991873,2.851103080287685,3.0000000000000004
469,46.0,9.0,5.0,4.0,4.0,5.0,5.0,1.0,2.195777346141773,3.0
470,47.0,0.0,1.0,1.0,1.0,2.0,1.0,1.0,1.0,3.0
471,47.0,1.0,1.0,1.0,2.0,1.6601440845539577,1.0,3.0,1.0,3.0
472,47.0,2.0,1.0,1.0,1.0,2.0,1.0,2.0,1.0,3.0000000000000004
473,47.0,3.0,2.4780316432830327,1.0,1.0,1.0,2.0,1.0,1.0,3.0
474,47.0,4.0,3.0,1.0,1.0,1.0,1.0,2.7147137453291275,1.8499814325398092,3.000000000000001
475,47.0,5.0,1.0,3.0,2.0,2.0,2.7060444089358007,1.0,1.0,3.0
476,47.0,6.0,2.5190403956651926,2.6209724298019994,1.6362418820161264,2.8336843933190767,2.720722989339154,2.620885441339097,1.9036096284581296,3.0000000000000004
477,47.0,7.0,2.5836230041925785,1.697028359791928,2.553006539067818,2.8156732876180595,2.4385740645861613,2.6204662130277128,2.0537280180068644,3.0000000000000004
478,47.0,8.0,2.0,1.0,1.0,1.0,1.0,1.0,1.0,3.000000000000001
479,47.0,9.0,2.0,2.0,1.0,1.0,1.0,1.0,1.0,3.0
480,48.0,0.0,3.4923737197108444,4.254753407786708,2.05068110536953,1.9546197447586047,4.370156472610294,2.77574873603327,2.4615057527354622,3.0
481,48.0,1.0,4.0,4.0,5.0,1.0,5.0,1.0,3.0,3.0
482,48.0,2.0,5.0,5.0,1.0,3.0,2.0,1.0,4.0,3.0
483,48.0,3.0,5.0,4.0,3.0,5.0,2.744914146678334,5.0,5.0,3.0
484,48.0,4.0,5.0,5.0,2.0,2.0,5.0,3.0,2.0,3.0
485,48.0,5.0,3.6729598114472015,3.624436730937708,2.905964568680692,2.9977861389256812,4.185503705516651,3.3882914192167193,2.7459847569283666,3.0
486,48.0,6.0,4.0,5.0,2.0,3.6772412489109385,5.0,3.108962919181901,1.0,3.0
487,48.0,7.0,5.0,1.0,5.0,3.633502358030462,4.0,2.0,4.0,3.0
488,48.0,8.0,2.0,3.540438621264857,2.0,2.3319502062316024,3.7330597714703044,1.0,4.0,3.0
489,48.0,9.0,5.0,3.878043790263395,4.0,4.0,5.0,2.0,1.0,3.0
490,49.0,0.0,2.0,1.0,1.0,3.0,4.0,3.0,1.0,3.0
491,49.0,1.0,2.6361463688450577,2.6654865874702636,3.42470183890305,1.8595827677222192,3.2617164272295103,2.4931624918476976,1.9600433321018729,3.0
492,49.0,2.0,1.0,3.0,3.0,1.0,1.0,4.0,2.8998482975775346,3.0
493,49.0,3.0,3.0,2.0,3.0,1.0,1.0,4.0,1.0,3.0
494,49.0,4.0,1.0,3.0,1.0,1.0,3.0,3.0,1.0,3.0000000000000004
495,49.0,5.0,2.0,2.0,1.0,3.0,5.0,2.0,1.0,3.0
496,49.0,6.0,4.0,2.0,1.0,3.0,3.0,1.0,2.0654936643604267,3.0
497,49.0,7.0,2.0,1.0,3.0,2.0,3.0,1.0,2.0,3.0
498,49.0,8.0,2.0,1.0,3.0,1.0,2.0,2.0,2.0,3.0000000000000004
499,49.0,9.0,2.7262528995222386,2.8816784042148638,3.1440612766355986,3.007900728668324,3.291602749830061,2.1258495362020584,1.3043986318231249,3.0
500,50.0,0.0,2.0,1.0,1.0,2.0,4.0,1.0,1.0,3.0
501,50.0,1.0,2.0,2.462679481230655,3.0,1.0,3.0,1.0,1.92849890821467,3.0
502,50.0,2.0,2.3558408454578084,2.3217907878712856,2.1484545631057497,1.7893314170954087,2.4640041186315544,2.4758842213860195,2.8585088612928984,3.0
503,50.0,3.0,2.638296487293971,2.0,4.0,1.7610707505394931,2.0,4.0,1.0,3.0
504,50.0,4.0,2.0,1.0,2.0,1.0,3.0,1.0,2.0,3.0
505,50.0,5.0,2.0,1.0,1.0,1.0,1.0,2.0,1.0,3.0
506,50.0,6.0,2.649810271031979,2.0,1.0,2.0,3.0,4.0,2.0,3.0
507,50.0,7.0,1.0,2.0,2.0,1.0,1.0,1.0,1.0,3.0
508,50.0,8.0,2.1781103623346185,1.0,1.0,1.0,1.0,1.0,1.0,3.0
509,50.0,9.0,2.5620515271090962,2.6796355229541104,3.054534885759078,2.719715468836281,3.0395359894102794,1.8912891100557971,1.2721532829380933,3.0
510,51.0,0.0,3.0,5.0,2.0,2.155495209419772,5.0,4.0,2.487489288582254,2.9999999999999996
511,51.0,1.0,3.2365711579024814,3.7679166174285195,4.005965339151677,2.5949761479223534,3.7961222460064468,3.1240868074909622,2.75182829134297,3.0
512,51.0,2.0,3.0,4.0,3.0,2.725995978966677,3.0,4.0,5.0,3.0
513,51.0,3.0,3.0,3.0,3.0,2.0,1.0,5.0,4.0,3.0
514,51.0,4.0,4.0,5.0,1.0,2.0,5.0,3.935809421566992,3.0,3.0
515,51.0,5.0,3.0,4.0,4.0,3.2217244445744697,5.0,5.0,2.0,2.9999999999999996
516,51.0,6.0,3.391695048160317,5.0,2.5228263432021114,5.0,4.0,3.875284455952302,3.0,3.0
517,51.0,7.0,4.0,2.9212560509772967,4.0,3.872453625312824,4.0,5.0,2.0,3.0
518,51.0,8.0,2.912473753539668,3.651366628901496,2.494626129935358,2.5163517201317713,3.560049374864848,3.2577589841703554,2.681801014983729,3.0
519,51.0,9.0,3.0,4.0,5.0,5.0,3.0,1.0,2.0,2.9999999999999996
520,52.0,0.0,2.094039005463575,2.9564779480361034,1.7579996658047343,1.3847838337130116,3.160493899243243,2.9219621731525294,1.8185264908247567,2.9999999999999996
521,52.0,1.0,2.2249398306620662,2.4130121520967522,4.0,1.0,2.0,1.0,1.0,3.0
522,52.0,2.0,1.0,2.0,1.0,2.0,2.0,2.0,3.0,3.0
523,52.0,3.0,1.0,1.0,2.4365996736619433,1.0,2.0,2.0,1.0,3.0
524,52.0,4.0,2.430239486394801,3.04713742583852,1.7644598033024876,1.671791071061087,3.111264641551877,3.277978782691465,2.109413577504619,3.0
525,52.0,5.0,1.0,1.0,4.0,2.0,1.0,5.0,1.0,2.9999999999999996
526,52.0,6.0,2.0,1.0,1.0,1.0,2.0,3.0,2.0,3.0
527,52.0,7.0,2.4699679235073133,2.0,3.0,2.0,2.694097609697764,3.0,2.0,3.0
528,52.0,8.0,1.0,2.2991013115584797,1.0,2.0,2.0,3.0,1.972815535341499,3.0
529,52.0,9.0,1.0,1.0,3.2773293391582046,1.0,1.0,3.0,1.0,2.9999999999999996
530,53.0,0.0,2.780745124323054,4.058818111629298,2.0,1.0,4.0,2.0,3.0,2.9999999999999996
531,53.0,1.0,3.0,3.0,4.0,1.0,4.0,1.0,1.0,3.0
532,53.0,2.0,2.0,5.0,2.0,2.0,2.0,3.0,5.0,3.0
533,53.0,3.0,3.0817687568349346,3.233837251827469,2.6567172509020507,2.3394746522146446,2.5335033207054933,3.4466797205664514,3.1096932143938907,3.0
534,53.0,4.0,4.0,5.0,1.0,2.0,4.0,3.0,3.0,3.0
535,53.0,5.0,2.0,3.0,2.739356126677456,2.0,5.0,5.0,1.0,2.9999999999999996
536,53.0,6.0,3.0764427850515057,3.711731963967649,2.304299622714302,3.4210866970856335,3.922137776389,3.259583732324302,2.562377194233835,3.0
537,53.0,7.0,3.0,3.0,3.0,5.0,3.0,4.0,3.0,3.0
538,53.0,8.0,2.0,3.3365391120983965,3.0,3.0,3.5002615499574077,2.0,2.4109563888243977,3.0
539,53.0,9.0,3.014616767403104,3.0,4.0,4.0,5.0,1.0,1.0,2.9999999999999996
540,54.0,0.0,5.0,5.0,1.0,1.0,5.0,4.0,3.0,2.9999999999999996
541,54.0,1.0,5.0,5.0,5.0,2.0,5.0,3.0,3.0,3.0
542,54.0,2.0,5.0,4.0,3.0,3.0,3.0,4.0,5.0,3.0
543,54.0,3.0,5.0,5.0,3.0,3.0,3.0,5.0,5.0,3.0
544,54.0,4.0,5.0,5.0,2.0,2.0,5.0,5.0,4.0,3.0
545,54.0,5.0,3.8452705915439527,4.044323787768921,3.020754659930922,3.075279321804162,4.234020768233775,4.24676626440842,3.120383430491721,2.9999999999999996
546,54.0,6.0,5.0,5.0,3.0,5.0,4.18364044618532,5.0,3.2214318269198685,3.0
547,54.0,7.0,4.111892669834273,3.185713893287783,3.53112613118806,3.710233079946804,3.9637245181467264,3.949879324663506,3.3335039107260043,3.0
548,54.0,8.0,3.0,5.0,3.0,3.0,5.0,4.0,3.058542715302183,3.0
549,54.0,9.0,4.0,5.0,5.0,5.0,4.0,3.0,3.0,2.9999999999999996
